date,split,index,gt_label,gt_overlap,gt_best_cand,gt_pages,recovered_pct,gt_exact_order,slide_from,slide_to,probe_choice,pred_label,is_correct,captured_pages,capture_fraction_pct,success_rate_ge36,conf1,conf2,conf3,conf1_percent,conf2_percent,conf3_percent,elapsed_sec
2026-09-24 10:03:15,train,2,SHOULDER,48,48,49,98.0%,0,-,-,0,-,False,49/49,100.0%,True,-,-,-,-,-,-,69.19
2026-09-24 10:04:24,train,3,SHOULDER,47,48,49,95.9%,0,-,-,8,-,False,49/49,100.0%,True,-,-,-,-,-,-,65.64
2026-09-24 10:05:33,train,4,SHOULDER,46,49,49,93.9%,0,-,-,4,-,False,49/49,100.0%,True,-,-,-,-,-,-,66.68
2026-09-24 10:06:42,train,5,SHOULDER,43,48,49,87.8%,0,-,-,1,-,False,49/49,100.0%,True,-,-,-,-,-,-,66.08
2026-09-24 10:07:51,train,6,SHOULDER,43,48,49,87.8%,0,-,-,3,-,False,49/49,100.0%,True,-,-,-,-,-,-,65.58
2026-09-24 10:08:58,train,7,SHOULDER,48,49,49,98.0%,0,-,-,0,-,False,49/49,100.0%,True,-,-,-,-,-,-,64.23
2026-09-24 10:10:07,train,8,SHOULDER,47,49,49,95.9%,0,-,-,0,-,False,49/49,100.0%,True,-,-,-,-,-,-,65.49
2026-09-24 10:11:42,train,9,SHOULDER,48,49,49,98.0%,0,-,-,2,-,False,0/49,0.0%,False,-,-,-,-,-,-,92.86
2026-09-24 10:11:47,train,10,ELBOW,-,-,49,-,-,-,-,,-,False,0/49,0.0%,False,-,-,-,-,-,-,1.16
2026-09-24 10:11:51,train,11,ELBOW,-,-,49,-,-,-,-,,-,False,0/49,0.0%,False,-,-,-,-,-,-,1.09
2026-09-24 10:11:55,train,12,ELBOW,-,-,49,-,-,-,-,,-,False,0/49,0.0%,False,-,-,-,-,-,-,1.1
2026-09-27 11:32:42,train,0,SHOULDER,19,20,49,38.8%,0,-,-,1,-,False,49/49,100.0%,True,-,-,-,-,-,-,60.83
2026-09-27 11:34:29,train,1,SHOULDER,45,49,49,91.8%,0,-,-,5,-,False,49/49,100.0%,True,-,-,-,-,-,-,103.94
2026-09-27 11:35:43,train,2,SHOULDER,41,49,49,83.7%,0,-,-,9,-,False,49/49,100.0%,True,-,-,-,-,-,-,71.58
2026-09-27 11:36:52,train,3,SHOULDER,47,49,49,95.9%,0,-,-,8,-,False,49/49,100.0%,True,-,-,-,-,-,-,65.85
2026-09-27 11:38:01,train,4,SHOULDER,43,49,49,87.8%,0,-,-,0,-,False,49/49,100.0%,True,-,-,-,-,-,-,66.48
2026-09-27 11:39:09,train,5,SHOULDER,46,46,49,93.9%,0,-,-,4,-,False,49/49,100.0%,True,-,-,-,-,-,-,64.27
2026-09-27 11:40:17,train,6,SHOULDER,49,49,49,100.0%,49,-,-,0,-,False,49/49,100.0%,True,-,-,-,-,-,-,65.37
2026-09-27 11:41:20,train,7,SHOULDER,49,49,49,100.0%,49,-,-,0,-,False,49/49,100.0%,True,-,-,-,-,-,-,60.32
2026-09-27 11:42:29,train,8,SHOULDER,47,49,49,95.9%,0,-,-,1,-,False,49/49,100.0%,True,-,-,-,-,-,-,66.04
2026-09-27 11:43:38,train,9,SHOULDER,47,48,49,95.9%,0,-,-,2,-,False,49/49,100.0%,True,-,-,-,-,-,-,65.27
2026-09-27 11:44:46,train,10,SHOULDER,48,48,49,98.0%,0,-,-,1,-,False,49/49,100.0%,True,-,-,-,-,-,-,65.43
2026-09-27 11:45:42,train,11,SHOULDER,49,49,49,100.0%,49,-,-,0,-,False,49/49,100.0%,True,-,-,-,-,-,-,52.8
2026-09-27 11:46:50,train,12,SHOULDER,46,49,49,93.9%,0,-,-,3,-,False,49/49,100.0%,True,-,-,-,-,-,-,65.43
