start,batch_base,batch_block,host_base,loc_block,loc_match,gt_rank,loc_swaps,rows,rows_recovered,elapsed_sec
0,0x368e82000,0x368e00000,0x368e7e000,0x368e00000,True,1,30,128,0,85.8
128,0x36feb8000,0x36fe00000,0x2f6537000,0x2f6400000,False,1,30,128,0,96.5
256,0x3555fd000,0x355400000,0x3555f7000,0x355400000,True,1,30,128,0,86.4
384,0x373e61000,0x373e00000,0x373e5c000,0x373e00000,True,1,30,128,0,98.0
512,0x3926e5000,0x392600000,0x3926e1000,0x392600000,True,1,30,128,0,87.3
640,0x2ca58d000,0x2ca400000,0x2ca58a000,0x2ca400000,True,1,30,128,0,96.9
768,0x3391a5000,0x339000000,0x339358000,0x339200000,False,2,30,128,0,97.2
896,0x380334000,0x380200000,0x380333000,0x380200000,True,2,30,128,0,87.1
1024,0x2e476d000,0x2e4600000,0x2e4487000,0x2e4400000,False,1,30,128,0,97.6
1152,0x36194a000,0x361800000,0x361970000,0x361800000,True,2,30,128,0,86.6
1280,0x355ade000,0x355a00000,0x355b18000,0x355a00000,True,2,30,128,0,96.3
1408,0x3a6ef2000,0x3a6e00000,0x3a6ef4000,0x3a6e00000,True,1,30,128,0,96.9
1536,0x38c98c000,0x38c800000,0x32c69c000,0x32c600000,False,1,30,128,0,87.3
1664,0x30221d000,0x302200000,0x387b01000,0x387a00000,False,1,30,128,0,97.5
1792,0x2f8e5b000,0x2f8e00000,0x2f8f4a000,0x2f8e00000,True,1,30,128,0,87.0
1920,0x3cd134000,0x3cd000000,0x3cd57e000,0x3cd400000,False,2,30,128,0,96.3
2048,0x36731e000,0x367200000,0x378e1e000,0x378e00000,False,1,30,128,0,95.5
2176,0x3b3b48000,0x3b3a00000,0x3b3b40000,0x3b3a00000,True,1,30,128,0,87.1
2304,0x3e0d59000,0x3e0c00000,0x33f837000,0x33f800000,False,None,30,128,0,96.5
2432,0x3a55d1000,0x3a5400000,0x3a80e3000,0x3a8000000,False,1,30,128,0,86.8
2560,0x3de387000,0x3de200000,0x3de380000,0x3de200000,True,1,30,128,0,96.1
2688,0x19802a000,0x198000000,0x3eff8c000,0x3efe00000,False,1,30,128,0,95.8
2816,0x371189000,0x371000000,0x3713dc000,0x371200000,False,1,30,128,0,87.5
2944,0x3030da000,0x303000000,0x3030d5000,0x303000000,True,1,30,128,0,97.1
3072,0x32e226000,0x32e200000,0x32e221000,0x32e200000,True,1,30,128,0,85.6
3200,0x314bad000,0x314a00000,0x314bab000,0x314a00000,True,1,30,128,0,96.1
3328,0x3d6ad3000,0x3d6a00000,0x3d6ace000,0x3d6a00000,True,1,30,128,0,95.8
3456,0x30a46a000,0x30a400000,0x39507b000,0x395000000,False,4,30,7,0,78.0
