index,indication,gt_base,host_base,loc_strategy,loc_swaps,loc_match,blind,N_pad_est,verdict,recovered_labels,top1_match,any_match,multi_match_count,false_positive_count,false_positive_labels,elapsed_sec
2,Shortness of breath and fever,0x1a0dc7000,,FAIL,40,False,True,,LOC_FAIL,,False,False,0,0,,51.3
5,Shortness of breath and cough,0x1abfeb000,,FAIL,40,False,True,,LOC_FAIL,,False,False,0,0,,64.2
9,Respiratory distress. Twin born at 33.1 weeks gestational age.,0x1abfed000,,FAIL,40,False,True,,LOC_FAIL,,False,False,0,0,,48.9
11,"MVC, complains of chest pain",0x1abfed000,,FAIL,40,False,True,,LOC_FAIL,,False,False,0,0,,61.7
12,"Coughing, right chest pain",0x1abfed000,,FAIL,40,False,True,,LOC_FAIL,,False,False,0,0,,48.4
13,Shortness of breath,0x1abfed000,,FAIL,40,False,True,,LOC_FAIL,,False,False,0,0,,60.9
15,"Cough, right-sided chest pain, PICC line not flushing",0x1abfed000,,FAIL,40,False,True,,LOC_FAIL,,False,False,0,0,,60.5
17,"Shortness of breath, congestion.",0x1abfed000,,FAIL,40,False,True,,LOC_FAIL,,False,False,0,0,,50.7
22,Cough and shortness of breath for 3 days.,0x1abfed000,,FAIL,40,False,True,,LOC_FAIL,,False,False,0,0,,58.5
