class,rank,count,pct,u8_p0,u8_p1,u8_p2,u8_p3,ref64,hex
ELBOW,1,3223793,5.2119,0,0,0,0,*,00000000000000000000000000000000
ELBOW,2,999603,1.6161,3,3,3,3,*,c1c0403cc1c0403cc1c0403cc1c0403c
ELBOW,3,874377,1.4136,4,4,4,4,*,8180803c8180803c8180803c8180803c
ELBOW,4,677744,1.0957,1,1,1,1,*,8180803b8180803b8180803b8180803b
ELBOW,5,470197,0.7602,30,30,30,30,*,f1f0f03df1f0f03df1f0f03df1f0f03d
ELBOW,6,442474,0.7153,31,31,31,31,*,f9f8f83df9f8f83df9f8f83df9f8f83d
ELBOW,7,428727,0.6931,29,29,29,29,*,e9e8e83de9e8e83de9e8e83de9e8e83d
ELBOW,8,415911,0.6724,10,10,10,10,*,a1a0203da1a0203da1a0203da1a0203d
ELBOW,9,397942,0.6434,32,32,32,32,*,8180003e8180003e8180003e8180003e
ELBOW,10,367344,0.5939,28,28,28,28,*,e1e0e03de1e0e03de1e0e03de1e0e03d
ELBOW,11,341344,0.5519,5,5,5,5,*,a1a0a03ca1a0a03ca1a0a03ca1a0a03c
ELBOW,12,304676,0.4926,33,33,33,33,*,8584043e8584043e8584043e8584043e
ELBOW,13,276137,0.4464,27,27,27,27,*,d9d8d83dd9d8d83dd9d8d83dd9d8d83d
ELBOW,14,258817,0.4184,38,38,38,38,*,9998183e9998183e9998183e9998183e
ELBOW,15,246940,0.3992,34,34,34,34,*,8988083e8988083e8988083e8988083e
ELBOW,16,240597,0.3890,2,2,2,2,*,8180003c8180003c8180003c8180003c
ELBOW,17,236686,0.3826,11,11,11,11,*,b1b0303db1b0303db1b0303db1b0303d
ELBOW,18,235878,0.3813,9,9,9,9,*,9190103d9190103d9190103d9190103d
ELBOW,19,230126,0.3720,217,217,217,217,,dad9593fdad9593fdad9593fdad9593f
ELBOW,20,211968,0.3427,35,35,35,35,*,8d8c0c3e8d8c0c3e8d8c0c3e8d8c0c3e
ELBOW,21,208980,0.3379,26,26,26,26,*,d1d0d03dd1d0d03dd1d0d03dd1d0d03d
ELBOW,22,181631,0.2936,25,25,25,25,*,c9c8c83dc9c8c83dc9c8c83dc9c8c83d
ELBOW,23,174213,0.2816,36,36,36,36,*,9190103e9190103e9190103e9190103e
ELBOW,24,170578,0.2758,8,8,8,8,*,8180003d8180003d8180003d8180003d
ELBOW,25,167489,0.2708,56,56,56,56,*,e1e0603ee1e0603ee1e0603ee1e0603e
ELBOW,26,163741,0.2647,6,6,6,6,*,c1c0c03cc1c0c03cc1c0c03cc1c0c03c
ELBOW,27,161478,0.2611,24,24,24,24,*,c1c0c03dc1c0c03dc1c0c03dc1c0c03d
ELBOW,28,159001,0.2571,57,57,57,57,*,e5e4643ee5e4643ee5e4643ee5e4643e
ELBOW,29,157487,0.2546,55,55,55,55,*,dddc5c3edddc5c3edddc5c3edddc5c3e
ELBOW,30,156722,0.2534,60,60,60,60,*,f1f0703ef1f0703ef1f0703ef1f0703e
ELBOW,31,155699,0.2517,54,54,54,54,*,d9d8583ed9d8583ed9d8583ed9d8583e
ELBOW,32,154110,0.2491,58,58,58,58,*,e9e8683ee9e8683ee9e8683ee9e8683e
ELBOW,33,153603,0.2483,59,59,59,59,*,edec6c3eedec6c3eedec6c3eedec6c3e
ELBOW,34,151765,0.2454,61,61,61,61,*,f5f4743ef5f4743ef5f4743ef5f4743e
ELBOW,35,150821,0.2438,53,53,53,53,*,d5d4543ed5d4543ed5d4543ed5d4543e
ELBOW,36,146834,0.2374,52,52,52,52,*,d1d0503ed1d0503ed1d0503ed1d0503e
ELBOW,37,146589,0.2370,23,23,23,23,*,b9b8b83db9b8b83db9b8b83db9b8b83d
ELBOW,38,143381,0.2318,62,62,62,62,*,f9f8783ef9f8783ef9f8783ef9f8783e
ELBOW,39,142530,0.2304,37,37,37,37,*,9594143e9594143e9594143e9594143e
ELBOW,40,139509,0.2255,22,22,22,22,*,b1b0b03db1b0b03db1b0b03db1b0b03d
ELBOW,41,138303,0.2236,64,64,64,64,*,8180803e8180803e8180803e8180803e
ELBOW,42,137380,0.2221,63,63,63,63,*,fdfc7c3efdfc7c3efdfc7c3efdfc7c3e
ELBOW,43,133231,0.2154,7,7,7,7,*,e1e0e03ce1e0e03ce1e0e03ce1e0e03c
ELBOW,44,132909,0.2149,51,51,51,51,*,cdcc4c3ecdcc4c3ecdcc4c3ecdcc4c3e
ELBOW,45,128589,0.2079,65,65,65,65,*,8382823e8382823e8382823e8382823e
ELBOW,46,128230,0.2073,20,20,20,20,*,a1a0a03da1a0a03da1a0a03da1a0a03d
ELBOW,47,128216,0.2073,21,21,21,21,*,a9a8a83da9a8a83da9a8a83da9a8a83d
ELBOW,48,120765,0.1952,66,66,66,66,*,8584843e8584843e8584843e8584843e
ELBOW,49,117274,0.1896,50,50,50,50,*,c9c8483ec9c8483ec9c8483ec9c8483e
ELBOW,50,114302,0.1848,19,19,19,19,*,9998983d9998983d9998983d9998983d
ELBOW,51,113049,0.1828,67,67,67,67,,8786863e8786863e8786863e8786863e
ELBOW,52,107004,0.1730,68,68,68,68,,8988883e8988883e8988883e8988883e
ELBOW,53,106026,0.1714,39,39,39,39,*,9d9c1c3e9d9c1c3e9d9c1c3e9d9c1c3e
ELBOW,54,105387,0.1704,18,18,18,18,,9190903d9190903d9190903d9190903d
ELBOW,55,103167,0.1668,49,49,49,49,*,c5c4443ec5c4443ec5c4443ec5c4443e
ELBOW,56,99741,0.1613,17,17,17,17,,8988883d8988883d8988883d8988883d
ELBOW,57,97656,0.1579,69,69,69,69,,8b8a8a3e8b8a8a3e8b8a8a3e8b8a8a3e
ELBOW,58,97555,0.1577,48,48,48,48,*,c1c0403ec1c0403ec1c0403ec1c0403e
ELBOW,59,96025,0.1552,40,40,40,40,*,a1a0203ea1a0203ea1a0203ea1a0203e
ELBOW,60,95863,0.1550,12,12,12,12,*,c1c0403dc1c0403dc1c0403dc1c0403d
ELBOW,61,94800,0.1533,14,14,14,14,,e1e0603de1e0603de1e0603de1e0603d
ELBOW,62,94323,0.1525,13,13,13,13,*,d1d0503dd1d0503dd1d0503dd1d0503d
ELBOW,63,92033,0.1488,41,41,41,41,*,a5a4243ea5a4243ea5a4243ea5a4243e
ELBOW,64,91875,0.1485,16,16,16,16,*,8180803d8180803d8180803d8180803d
ELBOW,65,90306,0.1460,70,70,70,70,,8d8c8c3e8d8c8c3e8d8c8c3e8d8c8c3e
ELBOW,66,89498,0.1447,15,15,15,15,,f1f0703df1f0703df1f0703df1f0703d
ELBOW,67,89336,0.1444,47,47,47,47,*,bdbc3c3ebdbc3c3ebdbc3c3ebdbc3c3e
ELBOW,68,87321,0.1412,42,42,42,42,*,a9a8283ea9a8283ea9a8283ea9a8283e
ELBOW,69,84695,0.1369,46,46,46,46,*,b9b8383eb9b8383eb9b8383eb9b8383e
ELBOW,70,84167,0.1361,44,44,44,44,*,b1b0303eb1b0303eb1b0303eb1b0303e
ELBOW,71,84158,0.1361,43,43,43,43,*,adac2c3eadac2c3eadac2c3eadac2c3e
ELBOW,72,83066,0.1343,71,71,71,71,,8f8e8e3e8f8e8e3e8f8e8e3e8f8e8e3e
ELBOW,73,82643,0.1336,45,45,45,45,*,b5b4343eb5b4343eb5b4343eb5b4343e
ELBOW,74,77372,0.1251,4,4,4,3,,8180803c8180803c8180803cc1c0403c
ELBOW,75,77261,0.1249,3,3,3,4,,c1c0403cc1c0403cc1c0403c8180803c
ELBOW,76,76680,0.1240,4,3,3,3,,8180803cc1c0403cc1c0403cc1c0403c
ELBOW,77,76354,0.1234,3,4,4,4,,c1c0403c8180803c8180803c8180803c
ELBOW,78,73675,0.1191,72,72,72,72,,9190903e9190903e9190903e9190903e
ELBOW,79,66260,0.1071,73,73,73,73,,9392923e9392923e9392923e9392923e
ELBOW,80,61259,0.0990,74,74,74,74,,9594943e9594943e9594943e9594943e
ELBOW,81,59677,0.0965,75,75,75,75,,9796963e9796963e9796963e9796963e
ELBOW,82,55379,0.0895,2,3,3,3,,8180003cc1c0403cc1c0403cc1c0403c
ELBOW,83,55153,0.0892,4,4,3,3,,8180803c8180803cc1c0403cc1c0403c
ELBOW,84,54758,0.0885,3,3,4,4,,c1c0403cc1c0403c8180803c8180803c
ELBOW,85,54549,0.0882,3,3,3,2,,c1c0403cc1c0403cc1c0403c8180003c
ELBOW,86,54306,0.0878,76,76,76,76,,9998983e9998983e9998983e9998983e
ELBOW,87,53327,0.0862,4,3,4,4,,8180803cc1c0403c8180803c8180803c
ELBOW,88,53180,0.0860,4,4,3,4,,8180803c8180803cc1c0403c8180803c
ELBOW,89,52822,0.0854,3,3,4,3,,c1c0403cc1c0403c8180803cc1c0403c
ELBOW,90,52647,0.0851,3,4,3,3,,c1c0403c8180803cc1c0403cc1c0403c
ELBOW,91,48888,0.0790,77,77,77,77,,9b9a9a3e9b9a9a3e9b9a9a3e9b9a9a3e
ELBOW,92,45918,0.0742,29,30,30,30,,e9e8e83df1f0f03df1f0f03df1f0f03d
ELBOW,93,45517,0.0736,30,30,30,31,,f1f0f03df1f0f03df1f0f03df9f8f83d
ELBOW,94,45266,0.0732,31,31,31,30,,f9f8f83df9f8f83df9f8f83df1f0f03d
ELBOW,95,45107,0.0729,30,31,31,31,,f1f0f03df9f8f83df9f8f83df9f8f83d
ELBOW,96,44857,0.0725,30,30,30,29,,f1f0f03df1f0f03df1f0f03de9e8e83d
ELBOW,97,44732,0.0723,31,30,30,30,,f9f8f83df1f0f03df1f0f03df1f0f03d
ELBOW,98,44678,0.0722,78,78,78,78,,9d9c9c3e9d9c9c3e9d9c9c3e9d9c9c3e
ELBOW,99,44109,0.0713,29,29,29,30,,e9e8e83de9e8e83de9e8e83df1f0f03d
ELBOW,100,43185,0.0698,30,29,29,29,,f1f0f03de9e8e83de9e8e83de9e8e83d
FINGER,1,4964360,7.7508,0,0,0,0,*,00000000000000000000000000000000
FINGER,2,1983588,3.0970,4,4,4,4,*,8180803c8180803c8180803c8180803c
FINGER,3,1566424,2.4456,1,1,1,1,*,8180803b8180803b8180803b8180803b
FINGER,4,1266107,1.9768,2,2,2,2,*,8180003c8180003c8180003c8180003c
FINGER,5,1067131,1.6661,3,3,3,3,*,c1c0403cc1c0403cc1c0403cc1c0403c
FINGER,6,924410,1.4433,5,5,5,5,*,a1a0a03ca1a0a03ca1a0a03ca1a0a03c
FINGER,7,518260,0.8092,50,50,50,50,*,c9c8483ec9c8483ec9c8483ec9c8483e
FINGER,8,401087,0.6262,42,42,42,42,*,a9a8283ea9a8283ea9a8283ea9a8283e
FINGER,9,385982,0.6026,43,43,43,43,*,adac2c3eadac2c3eadac2c3eadac2c3e
FINGER,10,382664,0.5974,41,41,41,41,*,a5a4243ea5a4243ea5a4243ea5a4243e
FINGER,11,353213,0.5515,44,44,44,44,*,b1b0303eb1b0303eb1b0303eb1b0303e
FINGER,12,344727,0.5382,30,30,30,30,*,f1f0f03df1f0f03df1f0f03df1f0f03d
FINGER,13,313041,0.4887,29,29,29,29,*,e9e8e83de9e8e83de9e8e83de9e8e83d
FINGER,14,311244,0.4859,45,45,45,45,*,b5b4343eb5b4343eb5b4343eb5b4343e
FINGER,15,293906,0.4589,40,40,40,40,*,a1a0203ea1a0203ea1a0203ea1a0203e
FINGER,16,273834,0.4275,46,46,46,46,*,b9b8383eb9b8383eb9b8383eb9b8383e
FINGER,17,273095,0.4264,11,11,11,11,*,b1b0303db1b0303db1b0303db1b0303d
FINGER,18,271942,0.4246,31,31,31,31,*,f9f8f83df9f8f83df9f8f83df9f8f83d
FINGER,19,268911,0.4198,58,58,58,58,*,e9e8683ee9e8683ee9e8683ee9e8683e
FINGER,20,231639,0.3617,59,59,59,59,*,edec6c3eedec6c3eedec6c3eedec6c3e
FINGER,21,223751,0.3493,47,47,47,47,*,bdbc3c3ebdbc3c3ebdbc3c3ebdbc3c3e
FINGER,22,223450,0.3489,57,57,57,57,*,e5e4643ee5e4643ee5e4643ee5e4643e
FINGER,23,216364,0.3378,8,8,8,8,*,8180003d8180003d8180003d8180003d
FINGER,24,211798,0.3307,28,28,28,28,*,e1e0e03de1e0e03de1e0e03de1e0e03d
FINGER,25,209696,0.3274,32,32,32,32,*,8180003e8180003e8180003e8180003e
FINGER,26,208467,0.3255,39,39,39,39,*,9d9c1c3e9d9c1c3e9d9c1c3e9d9c1c3e
FINGER,27,197532,0.3084,6,6,6,6,*,c1c0c03cc1c0c03cc1c0c03cc1c0c03c
FINGER,28,183973,0.2872,38,38,38,38,*,9998183e9998183e9998183e9998183e
FINGER,29,173390,0.2707,9,9,9,9,*,9190103d9190103d9190103d9190103d
FINGER,30,170769,0.2666,205,205,205,205,*,cecd4d3fcecd4d3fcecd4d3fcecd4d3f
FINGER,31,170430,0.2661,33,33,33,33,*,8584043e8584043e8584043e8584043e
FINGER,32,169398,0.2645,56,56,56,56,*,e1e0603ee1e0603ee1e0603ee1e0603e
FINGER,33,169367,0.2644,49,49,49,49,*,c5c4443ec5c4443ec5c4443ec5c4443e
FINGER,34,164014,0.2561,48,48,48,48,*,c1c0403ec1c0403ec1c0403ec1c0403e
FINGER,35,162867,0.2543,27,27,27,27,*,d9d8d83dd9d8d83dd9d8d83dd9d8d83d
FINGER,36,157993,0.2467,55,55,55,55,*,dddc5c3edddc5c3edddc5c3edddc5c3e
FINGER,37,154282,0.2409,10,10,10,10,*,a1a0203da1a0203da1a0203da1a0203d
FINGER,38,149648,0.2336,51,51,51,51,*,cdcc4c3ecdcc4c3ecdcc4c3ecdcc4c3e
FINGER,39,148732,0.2322,26,26,26,26,*,d1d0d03dd1d0d03dd1d0d03dd1d0d03d
FINGER,40,139639,0.2180,7,7,7,7,*,e1e0e03ce1e0e03ce1e0e03ce1e0e03c
FINGER,41,134711,0.2103,52,52,52,52,*,d1d0503ed1d0503ed1d0503ed1d0503e
FINGER,42,133563,0.2085,54,54,54,54,*,d9d8583ed9d8583ed9d8583ed9d8583e
FINGER,43,132401,0.2067,34,34,34,34,*,8988083e8988083e8988083e8988083e
FINGER,44,131609,0.2055,35,35,35,35,*,8d8c0c3e8d8c0c3e8d8c0c3e8d8c0c3e
FINGER,45,131206,0.2049,53,53,53,53,*,d5d4543ed5d4543ed5d4543ed5d4543e
FINGER,46,129943,0.2029,25,25,25,25,*,c9c8c83dc9c8c83dc9c8c83dc9c8c83d
FINGER,47,129045,0.2015,36,36,36,36,*,9190103e9190103e9190103e9190103e
FINGER,48,127726,0.1994,37,37,37,37,*,9594143e9594143e9594143e9594143e
FINGER,49,109642,0.1712,60,60,60,60,*,f1f0703ef1f0703ef1f0703ef1f0703e
FINGER,50,103991,0.1624,24,24,24,24,*,c1c0c03dc1c0c03dc1c0c03dc1c0c03d
FINGER,51,93045,0.1453,4,4,4,5,,8180803c8180803c8180803ca1a0a03c
FINGER,52,92000,0.1436,5,4,4,4,,a1a0a03c8180803c8180803c8180803c
FINGER,53,90101,0.1407,61,61,61,61,*,f5f4743ef5f4743ef5f4743ef5f4743e
FINGER,54,85141,0.1329,3,4,4,4,,c1c0403c8180803c8180803c8180803c
FINGER,55,85026,0.1328,4,4,4,3,,8180803c8180803c8180803cc1c0403c
FINGER,56,84996,0.1327,23,23,23,23,*,b9b8b83db9b8b83db9b8b83db9b8b83d
FINGER,57,84212,0.1315,5,5,5,4,,a1a0a03ca1a0a03ca1a0a03c8180803c
FINGER,58,83579,0.1305,4,5,5,5,,8180803ca1a0a03ca1a0a03ca1a0a03c
FINGER,59,83047,0.1297,62,62,62,62,*,f9f8783ef9f8783ef9f8783ef9f8783e
FINGER,60,79546,0.1242,22,22,22,22,*,b1b0b03db1b0b03db1b0b03db1b0b03d
FINGER,61,78603,0.1227,63,63,63,63,*,fdfc7c3efdfc7c3efdfc7c3efdfc7c3e
FINGER,62,69027,0.1078,4,4,5,4,,8180803c8180803ca1a0a03c8180803c
FINGER,63,68890,0.1076,4,5,4,4,,8180803ca1a0a03c8180803c8180803c
FINGER,64,67773,0.1058,64,64,64,64,*,8180803e8180803e8180803e8180803e
FINGER,65,67363,0.1052,4,3,4,4,,8180803cc1c0403c8180803c8180803c
FINGER,66,67102,0.1048,4,4,3,4,,8180803c8180803cc1c0403c8180803c
FINGER,67,66838,0.1044,21,21,21,21,*,a9a8a83da9a8a83da9a8a83da9a8a83d
FINGER,68,63960,0.0999,12,12,12,12,*,c1c0403dc1c0403dc1c0403dc1c0403d
FINGER,69,63101,0.0985,5,4,5,5,,a1a0a03c8180803ca1a0a03ca1a0a03c
FINGER,70,62904,0.0982,5,5,4,5,,a1a0a03ca1a0a03c8180803ca1a0a03c
FINGER,71,59652,0.0931,4,4,5,5,,8180803c8180803ca1a0a03ca1a0a03c
FINGER,72,59391,0.0927,5,5,4,4,,a1a0a03ca1a0a03c8180803c8180803c
FINGER,73,57677,0.0901,65,65,65,65,*,8382823e8382823e8382823e8382823e
FINGER,74,56515,0.0882,3,3,3,4,,c1c0403cc1c0403cc1c0403c8180803c
FINGER,75,56363,0.0880,4,3,3,3,,8180803cc1c0403cc1c0403cc1c0403c
FINGER,76,56342,0.0880,20,20,20,20,*,a1a0a03da1a0a03da1a0a03da1a0a03d
FINGER,77,53879,0.0841,255,255,255,255,,0000803f0000803f0000803f0000803f
FINGER,78,49978,0.0780,66,66,66,66,*,8584843e8584843e8584843e8584843e
FINGER,79,48693,0.0760,57,58,58,58,,e5e4643ee9e8683ee9e8683ee9e8683e
FINGER,80,48134,0.0752,58,58,58,57,,e9e8683ee9e8683ee9e8683ee5e4643e
FINGER,81,47317,0.0739,58,58,58,59,,e9e8683ee9e8683ee9e8683eedec6c3e
FINGER,82,47122,0.0736,59,58,58,58,,edec6c3ee9e8683ee9e8683ee9e8683e
FINGER,83,46895,0.0732,59,59,59,58,,edec6c3eedec6c3eedec6c3ee9e8683e
FINGER,84,46800,0.0731,58,59,59,59,,e9e8683eedec6c3eedec6c3eedec6c3e
FINGER,85,45850,0.0716,3,3,4,4,,c1c0403cc1c0403c8180803c8180803c
FINGER,86,45320,0.0708,4,4,3,3,,8180803c8180803cc1c0403cc1c0403c
FINGER,87,45155,0.0705,57,57,57,58,,e5e4643ee5e4643ee5e4643ee9e8683e
FINGER,88,44940,0.0702,58,57,57,57,,e9e8683ee5e4643ee5e4643ee5e4643e
FINGER,89,44701,0.0698,13,13,13,13,*,d1d0503dd1d0503dd1d0503dd1d0503d
FINGER,90,43452,0.0678,44,44,44,43,,b1b0303eb1b0303eb1b0303eadac2c3e
FINGER,91,43382,0.0677,67,67,67,67,,8786863e8786863e8786863e8786863e
FINGER,92,42997,0.0671,57,57,57,56,,e5e4643ee5e4643ee5e4643ee1e0603e
FINGER,93,42856,0.0669,43,44,44,44,,adac2c3eb1b0303eb1b0303eb1b0303e
FINGER,94,42673,0.0666,43,43,43,42,,adac2c3eadac2c3eadac2c3ea9a8283e
FINGER,95,42520,0.0664,56,57,57,57,,e1e0603ee5e4643ee5e4643ee5e4643e
FINGER,96,42068,0.0657,42,43,43,43,,a9a8283eadac2c3eadac2c3eadac2c3e
FINGER,97,41784,0.0652,14,14,14,14,,e1e0603de1e0603de1e0603de1e0603d
FINGER,98,41502,0.0648,4,5,5,4,,8180803ca1a0a03ca1a0a03c8180803c
FINGER,99,40942,0.0639,3,4,3,3,,c1c0403c8180803cc1c0403cc1c0403c
FINGER,100,40881,0.0638,42,42,42,41,,a9a8283ea9a8283ea9a8283ea5a4243e
FOREARM,1,1338685,5.8476,0,0,0,0,*,00000000000000000000000000000000
FOREARM,2,759967,3.3197,3,3,3,3,*,c1c0403cc1c0403cc1c0403cc1c0403c
FOREARM,3,527225,2.3030,4,4,4,4,*,8180803c8180803c8180803c8180803c
FOREARM,4,262433,1.1464,10,10,10,10,*,a1a0203da1a0203da1a0203da1a0203d
FOREARM,5,225306,0.9842,2,2,2,2,*,8180003c8180003c8180003c8180003c
FOREARM,6,203740,0.8900,11,11,11,11,*,b1b0303db1b0303db1b0303db1b0303d
FOREARM,7,189992,0.8299,38,38,38,38,*,9998183e9998183e9998183e9998183e
FOREARM,8,182806,0.7985,1,1,1,1,*,8180803b8180803b8180803b8180803b
FOREARM,9,152066,0.6643,5,5,5,5,*,a1a0a03ca1a0a03ca1a0a03ca1a0a03c
FOREARM,10,135519,0.5920,9,9,9,9,*,9190103d9190103d9190103d9190103d
FOREARM,11,112439,0.4912,40,40,40,40,*,a1a0203ea1a0203ea1a0203ea1a0203e
FOREARM,12,110312,0.4819,37,37,37,37,*,9594143e9594143e9594143e9594143e
FOREARM,13,107536,0.4697,39,39,39,39,*,9d9c1c3e9d9c1c3e9d9c1c3e9d9c1c3e
FOREARM,14,103481,0.4520,36,36,36,36,*,9190103e9190103e9190103e9190103e
FOREARM,15,95582,0.4175,33,33,33,33,*,8584043e8584043e8584043e8584043e
FOREARM,16,89455,0.3908,32,32,32,32,*,8180003e8180003e8180003e8180003e
FOREARM,17,86771,0.3790,35,35,35,35,*,8d8c0c3e8d8c0c3e8d8c0c3e8d8c0c3e
FOREARM,18,84716,0.3701,29,29,29,29,*,e9e8e83de9e8e83de9e8e83de9e8e83d
FOREARM,19,84077,0.3673,30,30,30,30,*,f1f0f03df1f0f03df1f0f03df1f0f03d
FOREARM,20,82758,0.3615,28,28,28,28,*,e1e0e03de1e0e03de1e0e03de1e0e03d
FOREARM,21,82066,0.3585,41,41,41,41,*,a5a4243ea5a4243ea5a4243ea5a4243e
FOREARM,22,81871,0.3576,27,27,27,27,*,d9d8d83dd9d8d83dd9d8d83dd9d8d83d
FOREARM,23,81738,0.3570,34,34,34,34,*,8988083e8988083e8988083e8988083e
FOREARM,24,81655,0.3567,8,8,8,8,*,8180003d8180003d8180003d8180003d
FOREARM,25,80685,0.3524,31,31,31,31,*,f9f8f83df9f8f83df9f8f83df9f8f83d
FOREARM,26,78449,0.3427,6,6,6,6,*,c1c0c03cc1c0c03cc1c0c03cc1c0c03c
FOREARM,27,72485,0.3166,7,7,7,7,*,e1e0e03ce1e0e03ce1e0e03ce1e0e03c
FOREARM,28,69357,0.3030,42,42,42,42,*,a9a8283ea9a8283ea9a8283ea9a8283e
FOREARM,29,62079,0.2712,55,55,55,55,*,dddc5c3edddc5c3edddc5c3edddc5c3e
FOREARM,30,60304,0.2634,56,56,56,56,*,e1e0603ee1e0603ee1e0603ee1e0603e
FOREARM,31,57439,0.2509,57,57,57,57,*,e5e4643ee5e4643ee5e4643ee5e4643e
FOREARM,32,56907,0.2486,26,26,26,26,*,d1d0d03dd1d0d03dd1d0d03dd1d0d03d
FOREARM,33,56301,0.2459,24,24,24,24,*,c1c0c03dc1c0c03dc1c0c03dc1c0c03d
FOREARM,34,55930,0.2443,43,43,43,43,*,adac2c3eadac2c3eadac2c3eadac2c3e
FOREARM,35,55043,0.2404,52,52,52,52,*,d1d0503ed1d0503ed1d0503ed1d0503e
FOREARM,36,54996,0.2402,54,54,54,54,*,d9d8583ed9d8583ed9d8583ed9d8583e
FOREARM,37,54904,0.2398,53,53,53,53,*,d5d4543ed5d4543ed5d4543ed5d4543e
FOREARM,38,54133,0.2365,51,51,51,51,*,cdcc4c3ecdcc4c3ecdcc4c3ecdcc4c3e
FOREARM,39,54125,0.2364,25,25,25,25,*,c9c8c83dc9c8c83dc9c8c83dc9c8c83d
FOREARM,40,50735,0.2216,3,3,3,4,,c1c0403cc1c0403cc1c0403c8180803c
FOREARM,41,49954,0.2182,4,3,3,3,,8180803cc1c0403cc1c0403cc1c0403c
FOREARM,42,49949,0.2182,23,23,23,23,*,b9b8b83db9b8b83db9b8b83db9b8b83d
FOREARM,43,49887,0.2179,49,49,49,49,*,c5c4443ec5c4443ec5c4443ec5c4443e
FOREARM,44,49166,0.2148,3,4,4,4,,c1c0403c8180803c8180803c8180803c
FOREARM,45,48898,0.2136,44,44,44,44,*,b1b0303eb1b0303eb1b0303eb1b0303e
FOREARM,46,48663,0.2126,4,4,4,3,,8180803c8180803c8180803cc1c0403c
FOREARM,47,47217,0.2063,22,22,22,22,*,b1b0b03db1b0b03db1b0b03db1b0b03d
FOREARM,48,47128,0.2059,47,47,47,47,*,bdbc3c3ebdbc3c3ebdbc3c3ebdbc3c3e
FOREARM,49,44834,0.1958,50,50,50,50,*,c9c8483ec9c8483ec9c8483ec9c8483e
FOREARM,50,42348,0.1850,58,58,58,58,*,e9e8683ee9e8683ee9e8683ee9e8683e
FOREARM,51,40692,0.1778,45,45,45,45,*,b5b4343eb5b4343eb5b4343eb5b4343e
FOREARM,52,40113,0.1752,21,21,21,21,*,a9a8a83da9a8a83da9a8a83da9a8a83d
FOREARM,53,39275,0.1716,48,48,48,48,*,c1c0403ec1c0403ec1c0403ec1c0403e
FOREARM,54,38525,0.1683,46,46,46,46,*,b9b8383eb9b8383eb9b8383eb9b8383e
FOREARM,55,37194,0.1625,20,20,20,20,*,a1a0a03da1a0a03da1a0a03da1a0a03d
FOREARM,56,36596,0.1599,18,18,18,18,,9190903d9190903d9190903d9190903d
FOREARM,57,36520,0.1595,19,19,19,19,*,9998983d9998983d9998983d9998983d
FOREARM,58,34492,0.1507,17,17,17,17,,8988883d8988883d8988883d8988883d
FOREARM,59,33698,0.1472,16,16,16,16,*,8180803d8180803d8180803d8180803d
FOREARM,60,33439,0.1461,60,60,60,60,*,f1f0703ef1f0703ef1f0703ef1f0703e
FOREARM,61,32577,0.1423,3,4,3,3,,c1c0403c8180803cc1c0403cc1c0403c
FOREARM,62,32480,0.1419,3,3,4,3,,c1c0403cc1c0403c8180803cc1c0403c
FOREARM,63,32330,0.1412,3,3,4,4,,c1c0403cc1c0403c8180803c8180803c
FOREARM,64,32226,0.1408,15,15,15,15,,f1f0703df1f0703df1f0703df1f0703d
FOREARM,65,31934,0.1395,13,13,13,13,*,d1d0503dd1d0503dd1d0503dd1d0503d
FOREARM,66,31851,0.1391,4,4,3,3,,8180803c8180803cc1c0403cc1c0403c
FOREARM,67,30912,0.1350,12,12,12,12,*,c1c0403dc1c0403dc1c0403dc1c0403d
FOREARM,68,30550,0.1334,3,3,3,2,,c1c0403cc1c0403cc1c0403c8180003c
FOREARM,69,30114,0.1315,2,3,3,3,,8180003cc1c0403cc1c0403cc1c0403c
FOREARM,70,29656,0.1295,14,14,14,14,,e1e0603de1e0603de1e0603de1e0603d
FOREARM,71,29610,0.1293,59,59,59,59,*,edec6c3eedec6c3eedec6c3eedec6c3e
FOREARM,72,29542,0.1290,4,3,4,4,,8180803cc1c0403c8180803c8180803c
FOREARM,73,29339,0.1282,4,4,3,4,,8180803c8180803cc1c0403c8180803c
FOREARM,74,26510,0.1158,10,11,11,11,,a1a0203db1b0303db1b0303db1b0303d
FOREARM,75,25688,0.1122,11,11,11,10,,b1b0303db1b0303db1b0303da1a0203d
FOREARM,76,25653,0.1121,61,61,61,61,*,f5f4743ef5f4743ef5f4743ef5f4743e
FOREARM,77,25153,0.1099,62,62,62,62,*,f9f8783ef9f8783ef9f8783ef9f8783e
FOREARM,78,24632,0.1076,217,217,217,217,,dad9593fdad9593fdad9593fdad9593f
FOREARM,79,24058,0.1051,63,63,63,63,*,fdfc7c3efdfc7c3efdfc7c3efdfc7c3e
FOREARM,80,23613,0.1031,10,10,10,11,,a1a0203da1a0203da1a0203db1b0303d
FOREARM,81,23572,0.1030,64,64,64,64,*,8180803e8180803e8180803e8180803e
FOREARM,82,23147,0.1011,11,10,10,10,,b1b0303da1a0203da1a0203da1a0203d
FOREARM,83,22920,0.1001,3,4,4,3,,c1c0403c8180803c8180803cc1c0403c
FOREARM,84,21831,0.0954,65,65,65,65,*,8382823e8382823e8382823e8382823e
FOREARM,85,21390,0.0934,66,66,66,66,*,8584843e8584843e8584843e8584843e
FOREARM,86,21148,0.0924,4,3,3,4,,8180803cc1c0403cc1c0403c8180803c
FOREARM,87,20242,0.0884,67,67,67,67,,8786863e8786863e8786863e8786863e
FOREARM,88,19905,0.0869,68,68,68,68,,8988883e8988883e8988883e8988883e
FOREARM,89,18464,0.0807,9,10,10,10,,9190103da1a0203da1a0203da1a0203d
FOREARM,90,18152,0.0793,10,10,10,9,,a1a0203da1a0203da1a0203d9190103d
FOREARM,91,17594,0.0769,10,10,11,11,,a1a0203da1a0203db1b0303db1b0303d
FOREARM,92,17116,0.0748,11,11,10,10,,b1b0303db1b0303da1a0203da1a0203d
FOREARM,93,16817,0.0735,69,69,69,69,,8b8a8a3e8b8a8a3e8b8a8a3e8b8a8a3e
FOREARM,94,16798,0.0734,3,3,2,3,,c1c0403cc1c0403c8180003cc1c0403c
FOREARM,95,16742,0.0731,3,2,3,3,,c1c0403c8180003cc1c0403cc1c0403c
FOREARM,96,15832,0.0692,33,33,33,32,,8584043e8584043e8584043e8180003e
FOREARM,97,15779,0.0689,29,29,29,28,,e9e8e83de9e8e83de9e8e83de1e0e03d
FOREARM,98,15777,0.0689,32,33,33,33,,8180003e8584043e8584043e8584043e
FOREARM,99,15676,0.0685,28,29,29,29,,e1e0e03de9e8e83de9e8e83de9e8e83d
FOREARM,100,15206,0.0664,2,2,2,3,,8180003c8180003c8180003cc1c0403c
HAND,1,2502761,3.5995,0,0,0,0,*,00000000000000000000000000000000
HAND,2,1214061,1.7461,35,35,35,35,*,8d8c0c3e8d8c0c3e8d8c0c3e8d8c0c3e
HAND,3,1114239,1.6025,34,34,34,34,*,8988083e8988083e8988083e8988083e
HAND,4,889141,1.2788,33,33,33,33,*,8584043e8584043e8584043e8584043e
HAND,5,885574,1.2736,36,36,36,36,*,9190103e9190103e9190103e9190103e
HAND,6,867453,1.2476,29,29,29,29,*,e9e8e83de9e8e83de9e8e83de9e8e83d
HAND,7,824514,1.1858,3,3,3,3,*,c1c0403cc1c0403cc1c0403cc1c0403c
HAND,8,812150,1.1680,32,32,32,32,*,8180003e8180003e8180003e8180003e
HAND,9,746712,1.0739,30,30,30,30,*,f1f0f03df1f0f03df1f0f03df1f0f03d
HAND,10,703108,1.0112,4,4,4,4,*,8180803c8180803c8180803c8180803c
HAND,11,702054,1.0097,28,28,28,28,*,e1e0e03de1e0e03de1e0e03de1e0e03d
HAND,12,658792,0.9475,31,31,31,31,*,f9f8f83df9f8f83df9f8f83df9f8f83d
HAND,13,618364,0.8893,37,37,37,37,*,9594143e9594143e9594143e9594143e
HAND,14,554697,0.7978,27,27,27,27,*,d9d8d83dd9d8d83dd9d8d83dd9d8d83d
HAND,15,475031,0.6832,38,38,38,38,*,9998183e9998183e9998183e9998183e
HAND,16,402628,0.5791,39,39,39,39,*,9d9c1c3e9d9c1c3e9d9c1c3e9d9c1c3e
HAND,17,382011,0.5494,26,26,26,26,*,d1d0d03dd1d0d03dd1d0d03dd1d0d03d
HAND,18,315588,0.4539,40,40,40,40,*,a1a0203ea1a0203ea1a0203ea1a0203e
HAND,19,274496,0.3948,25,25,25,25,*,c9c8c83dc9c8c83dc9c8c83dc9c8c83d
HAND,20,235926,0.3393,24,24,24,24,*,c1c0c03dc1c0c03dc1c0c03dc1c0c03d
HAND,21,218433,0.3142,41,41,41,41,*,a5a4243ea5a4243ea5a4243ea5a4243e
HAND,22,202274,0.2909,42,42,42,42,*,a9a8283ea9a8283ea9a8283ea9a8283e
HAND,23,200671,0.2886,23,23,23,23,*,b9b8b83db9b8b83db9b8b83db9b8b83d
HAND,24,194208,0.2793,5,5,5,5,*,a1a0a03ca1a0a03ca1a0a03ca1a0a03c
HAND,25,191519,0.2754,43,43,43,43,*,adac2c3eadac2c3eadac2c3eadac2c3e
HAND,26,180836,0.2601,1,1,1,1,*,8180803b8180803b8180803b8180803b
HAND,27,169816,0.2442,10,10,10,10,*,a1a0203da1a0203da1a0203da1a0203d
HAND,28,165587,0.2381,44,44,44,44,*,b1b0303eb1b0303eb1b0303eb1b0303e
HAND,29,165315,0.2378,11,11,11,11,*,b1b0303db1b0303db1b0303db1b0303d
HAND,30,162755,0.2341,22,22,22,22,*,b1b0b03db1b0b03db1b0b03db1b0b03d
HAND,31,155418,0.2235,21,21,21,21,*,a9a8a83da9a8a83da9a8a83da9a8a83d
HAND,32,149996,0.2157,45,45,45,45,*,b5b4343eb5b4343eb5b4343eb5b4343e
HAND,33,147988,0.2128,2,2,2,2,*,8180003c8180003c8180003c8180003c
HAND,34,134700,0.1937,20,20,20,20,*,a1a0a03da1a0a03da1a0a03da1a0a03d
HAND,35,123544,0.1777,46,46,46,46,*,b9b8383eb9b8383eb9b8383eb9b8383e
HAND,36,116781,0.1680,9,9,9,9,*,9190103d9190103d9190103d9190103d
HAND,37,107923,0.1552,47,47,47,47,*,bdbc3c3ebdbc3c3ebdbc3c3ebdbc3c3e
HAND,38,107402,0.1545,48,48,48,48,*,c1c0403ec1c0403ec1c0403ec1c0403e
HAND,39,105018,0.1510,49,49,49,49,*,c5c4443ec5c4443ec5c4443ec5c4443e
HAND,40,104883,0.1508,7,7,7,7,*,e1e0e03ce1e0e03ce1e0e03ce1e0e03c
HAND,41,101101,0.1454,52,52,52,52,*,d1d0503ed1d0503ed1d0503ed1d0503e
HAND,42,100913,0.1451,50,50,50,50,*,c9c8483ec9c8483ec9c8483ec9c8483e
HAND,43,100739,0.1449,8,8,8,8,*,8180003d8180003d8180003d8180003d
HAND,44,100278,0.1442,51,51,51,51,*,cdcc4c3ecdcc4c3ecdcc4c3ecdcc4c3e
HAND,45,100027,0.1439,6,6,6,6,*,c1c0c03cc1c0c03cc1c0c03cc1c0c03c
HAND,46,99164,0.1426,19,19,19,19,*,9998983d9998983d9998983d9998983d
HAND,47,93599,0.1346,53,53,53,53,*,d5d4543ed5d4543ed5d4543ed5d4543e
HAND,48,86799,0.1248,54,54,54,54,*,d9d8583ed9d8583ed9d8583ed9d8583e
HAND,49,80584,0.1159,35,35,35,34,,8d8c0c3e8d8c0c3e8d8c0c3e8988083e
HAND,50,80075,0.1152,34,35,35,35,,8988083e8d8c0c3e8d8c0c3e8d8c0c3e
HAND,51,78636,0.1131,18,18,18,18,,9190903d9190903d9190903d9190903d
HAND,52,78052,0.1123,55,55,55,55,*,dddc5c3edddc5c3edddc5c3edddc5c3e
HAND,53,77777,0.1119,12,12,12,12,*,c1c0403dc1c0403dc1c0403dc1c0403d
HAND,54,77126,0.1109,4,4,4,3,,8180803c8180803c8180803cc1c0403c
HAND,55,76890,0.1106,3,4,4,4,,c1c0403c8180803c8180803c8180803c
HAND,56,76636,0.1102,3,3,3,4,,c1c0403cc1c0403cc1c0403c8180803c
HAND,57,75796,0.1090,4,3,3,3,,8180803cc1c0403cc1c0403cc1c0403c
HAND,58,73624,0.1059,34,34,34,33,,8988083e8988083e8988083e8584043e
HAND,59,72942,0.1049,33,34,34,34,,8584043e8988083e8988083e8988083e
HAND,60,72881,0.1048,13,13,13,13,*,d1d0503dd1d0503dd1d0503dd1d0503d
HAND,61,69003,0.0992,56,56,56,56,*,e1e0603ee1e0603ee1e0603ee1e0603e
HAND,62,68028,0.0978,35,34,34,34,,8d8c0c3e8988083e8988083e8988083e
HAND,63,67813,0.0975,34,34,34,35,,8988083e8988083e8988083e8d8c0c3e
HAND,64,67096,0.0965,33,33,33,32,,8584043e8584043e8584043e8180003e
HAND,65,67024,0.0964,32,33,33,33,,8180003e8584043e8584043e8584043e
HAND,66,65817,0.0947,36,36,36,35,,9190103e9190103e9190103e8d8c0c3e
HAND,67,65299,0.0939,35,36,36,36,,8d8c0c3e9190103e9190103e9190103e
HAND,68,64787,0.0932,14,14,14,14,,e1e0603de1e0603de1e0603de1e0603d
HAND,69,62488,0.0899,15,15,15,15,,f1f0703df1f0703df1f0703df1f0703d
HAND,70,62043,0.0892,57,57,57,57,*,e5e4643ee5e4643ee5e4643ee5e4643e
HAND,71,61491,0.0884,36,35,35,35,,9190103e8d8c0c3e8d8c0c3e8d8c0c3e
HAND,72,60997,0.0877,17,17,17,17,,8988883d8988883d8988883d8988883d
HAND,73,60341,0.0868,29,29,29,28,,e9e8e83de9e8e83de9e8e83de1e0e03d
HAND,74,60324,0.0868,35,35,35,36,,8d8c0c3e8d8c0c3e8d8c0c3e9190103e
HAND,75,59467,0.0855,28,29,29,29,,e1e0e03de9e8e83de9e8e83de9e8e83d
HAND,76,58224,0.0837,30,30,30,29,,f1f0f03df1f0f03df1f0f03de9e8e83d
HAND,77,57918,0.0833,16,16,16,16,*,8180803d8180803d8180803d8180803d
HAND,78,57358,0.0825,32,32,32,31,,8180003e8180003e8180003ef9f8f83d
HAND,79,57309,0.0824,33,33,33,34,,8584043e8584043e8584043e8988083e
HAND,80,57256,0.0823,31,32,32,32,,f9f8f83d8180003e8180003e8180003e
HAND,81,57089,0.0821,29,30,30,30,,e9e8e83df1f0f03df1f0f03df1f0f03d
HAND,82,56491,0.0812,58,58,58,58,*,e9e8683ee9e8683ee9e8683ee9e8683e
HAND,83,56411,0.0811,34,33,33,33,,8988083e8584043e8584043e8584043e
HAND,84,55891,0.0804,205,205,205,205,*,cecd4d3fcecd4d3fcecd4d3fcecd4d3f
HAND,85,55882,0.0804,4,3,4,4,,8180803cc1c0403c8180803c8180803c
HAND,86,55862,0.0803,4,4,3,3,,8180803c8180803cc1c0403cc1c0403c
HAND,87,55860,0.0803,4,4,3,4,,8180803c8180803cc1c0403c8180803c
HAND,88,55448,0.0797,3,3,4,4,,c1c0403cc1c0403c8180803c8180803c
HAND,89,55204,0.0794,27,28,28,28,,d9d8d83de1e0e03de1e0e03de1e0e03d
HAND,90,55143,0.0793,28,28,28,27,,e1e0e03de1e0e03de1e0e03dd9d8d83d
HAND,91,54234,0.0780,35,35,34,34,,8d8c0c3e8d8c0c3e8988083e8988083e
HAND,92,53078,0.0763,34,34,35,35,,8988083e8988083e8d8c0c3e8d8c0c3e
HAND,93,53000,0.0762,3,3,4,3,,c1c0403cc1c0403c8180803cc1c0403c
HAND,94,52977,0.0762,3,4,3,3,,c1c0403c8180803cc1c0403cc1c0403c
HAND,95,52859,0.0760,59,59,59,59,*,edec6c3eedec6c3eedec6c3eedec6c3e
HAND,96,52840,0.0760,32,32,32,33,,8180003e8180003e8180003e8584043e
HAND,97,52571,0.0756,33,32,32,32,,8584043e8180003e8180003e8180003e
HAND,98,52483,0.0755,37,37,37,36,,9594143e9594143e9594143e9190103e
HAND,99,52290,0.0752,36,37,37,37,,9190103e9594143e9594143e9594143e
HAND,100,52157,0.0750,29,28,28,28,,e9e8e83de1e0e03de1e0e03de1e0e03d
HUMERUS,1,2691420,16.8678,0,0,0,0,*,00000000000000000000000000000000
HUMERUS,2,212825,1.3338,9,9,9,9,*,9190103d9190103d9190103d9190103d
HUMERUS,3,179898,1.1275,10,10,10,10,*,a1a0203da1a0203da1a0203da1a0203d
HUMERUS,4,156224,0.9791,8,8,8,8,*,8180003d8180003d8180003d8180003d
HUMERUS,5,139540,0.8745,7,7,7,7,*,e1e0e03ce1e0e03ce1e0e03ce1e0e03c
HUMERUS,6,126983,0.7958,6,6,6,6,*,c1c0c03cc1c0c03cc1c0c03cc1c0c03c
HUMERUS,7,122734,0.7692,5,5,5,5,*,a1a0a03ca1a0a03ca1a0a03ca1a0a03c
HUMERUS,8,105759,0.6628,2,2,2,2,*,8180003c8180003c8180003c8180003c
HUMERUS,9,102323,0.6413,4,4,4,4,*,8180803c8180803c8180803c8180803c
HUMERUS,10,69148,0.4334,11,11,11,11,*,b1b0303db1b0303db1b0303db1b0303d
HUMERUS,11,53076,0.3326,1,1,1,1,*,8180803b8180803b8180803b8180803b
HUMERUS,12,47963,0.3006,47,47,47,47,*,bdbc3c3ebdbc3c3ebdbc3c3ebdbc3c3e
HUMERUS,13,41696,0.2613,3,3,3,3,*,c1c0403cc1c0403cc1c0403cc1c0403c
HUMERUS,14,29885,0.1873,56,56,56,56,*,e1e0603ee1e0603ee1e0603ee1e0603e
HUMERUS,15,26120,0.1637,255,255,255,255,,0000803f0000803f0000803f0000803f
HUMERUS,16,25910,0.1624,55,55,55,55,*,dddc5c3edddc5c3edddc5c3edddc5c3e
HUMERUS,17,25537,0.1600,40,40,40,40,*,a1a0203ea1a0203ea1a0203ea1a0203e
HUMERUS,18,22113,0.1386,54,54,54,54,*,d9d8583ed9d8583ed9d8583ed9d8583e
HUMERUS,19,21606,0.1354,12,12,12,12,*,c1c0403dc1c0403dc1c0403dc1c0403d
HUMERUS,20,20743,0.1300,57,57,57,57,*,e5e4643ee5e4643ee5e4643ee5e4643e
HUMERUS,21,20296,0.1272,10,10,10,9,,a1a0203da1a0203da1a0203d9190103d
HUMERUS,22,20164,0.1264,51,51,51,51,*,cdcc4c3ecdcc4c3ecdcc4c3ecdcc4c3e
HUMERUS,23,20113,0.1261,35,35,35,35,*,8d8c0c3e8d8c0c3e8d8c0c3e8d8c0c3e
HUMERUS,24,19905,0.1247,31,31,31,31,*,f9f8f83df9f8f83df9f8f83df9f8f83d
HUMERUS,25,19448,0.1219,9,9,9,8,,9190103d9190103d9190103d8180003d
HUMERUS,26,19388,0.1215,16,16,16,16,*,8180803d8180803d8180803d8180803d
HUMERUS,27,19214,0.1204,9,10,10,10,,9190103da1a0203da1a0203da1a0203d
HUMERUS,28,19149,0.1200,8,9,9,9,,8180003d9190103d9190103d9190103d
HUMERUS,29,19031,0.1193,53,53,53,53,*,d5d4543ed5d4543ed5d4543ed5d4543e
HUMERUS,30,18926,0.1186,217,217,217,217,,dad9593fdad9593fdad9593fdad9593f
HUMERUS,31,18490,0.1159,50,50,50,50,*,c9c8483ec9c8483ec9c8483ec9c8483e
HUMERUS,32,18297,0.1147,52,52,52,52,*,d1d0503ed1d0503ed1d0503ed1d0503e
HUMERUS,33,18293,0.1146,48,48,48,48,*,c1c0403ec1c0403ec1c0403ec1c0403e
HUMERUS,34,18292,0.1146,13,13,13,13,*,d1d0503dd1d0503dd1d0503dd1d0503d
HUMERUS,35,18173,0.1139,49,49,49,49,*,c5c4443ec5c4443ec5c4443ec5c4443e
HUMERUS,36,18067,0.1132,46,46,46,46,*,b9b8383eb9b8383eb9b8383eb9b8383e
HUMERUS,37,18021,0.1129,44,44,44,44,*,b1b0303eb1b0303eb1b0303eb1b0303e
HUMERUS,38,17948,0.1125,34,34,34,34,*,8988083e8988083e8988083e8988083e
HUMERUS,39,17907,0.1122,10,9,9,9,,a1a0203d9190103d9190103d9190103d
HUMERUS,40,17770,0.1114,33,33,33,33,*,8584043e8584043e8584043e8584043e
HUMERUS,41,17713,0.1110,43,43,43,43,*,adac2c3eadac2c3eadac2c3eadac2c3e
HUMERUS,42,17642,0.1106,30,30,30,30,*,f1f0f03df1f0f03df1f0f03df1f0f03d
HUMERUS,43,17633,0.1105,42,42,42,42,*,a9a8283ea9a8283ea9a8283ea9a8283e
HUMERUS,44,17627,0.1105,45,45,45,45,*,b5b4343eb5b4343eb5b4343eb5b4343e
HUMERUS,45,17559,0.1100,9,9,9,10,,9190103d9190103d9190103da1a0203d
HUMERUS,46,17471,0.1095,36,36,36,36,*,9190103e9190103e9190103e9190103e
HUMERUS,47,16589,0.1040,58,58,58,58,*,e9e8683ee9e8683ee9e8683ee9e8683e
HUMERUS,48,16451,0.1031,14,14,14,14,,e1e0603de1e0603de1e0603de1e0603d
HUMERUS,49,16240,0.1018,59,59,59,59,*,edec6c3eedec6c3eedec6c3eedec6c3e
HUMERUS,50,16059,0.1006,17,17,17,17,,8988883d8988883d8988883d8988883d
HUMERUS,51,15778,0.0989,32,32,32,32,*,8180003e8180003e8180003e8180003e
HUMERUS,52,15670,0.0982,7,8,8,8,,e1e0e03c8180003d8180003d8180003d
HUMERUS,53,15656,0.0981,37,37,37,37,*,9594143e9594143e9594143e9594143e
HUMERUS,54,15609,0.0978,39,39,39,39,*,9d9c1c3e9d9c1c3e9d9c1c3e9d9c1c3e
HUMERUS,55,15365,0.0963,8,8,8,9,,8180003d8180003d8180003d9190103d
HUMERUS,56,15361,0.0963,8,8,8,7,,8180003d8180003d8180003de1e0e03c
HUMERUS,57,15227,0.0954,28,28,28,28,*,e1e0e03de1e0e03de1e0e03de1e0e03d
HUMERUS,58,15177,0.0951,9,8,8,8,,9190103d8180003d8180003d8180003d
HUMERUS,59,15127,0.0948,26,26,26,26,*,d1d0d03dd1d0d03dd1d0d03dd1d0d03d
HUMERUS,60,15026,0.0942,29,29,29,29,*,e9e8e83de9e8e83de9e8e83de9e8e83d
HUMERUS,61,14918,0.0935,41,41,41,41,*,a5a4243ea5a4243ea5a4243ea5a4243e
HUMERUS,62,14799,0.0927,38,38,38,38,*,9998183e9998183e9998183e9998183e
HUMERUS,63,14385,0.0902,5,6,6,6,,a1a0a03cc1c0c03cc1c0c03cc1c0c03c
HUMERUS,64,14369,0.0901,4,5,5,5,,8180803ca1a0a03ca1a0a03ca1a0a03c
HUMERUS,65,14263,0.0894,25,25,25,25,*,c9c8c83dc9c8c83dc9c8c83dc9c8c83d
HUMERUS,66,14224,0.0891,6,7,7,7,,c1c0c03ce1e0e03ce1e0e03ce1e0e03c
HUMERUS,67,14196,0.0890,27,27,27,27,*,d9d8d83dd9d8d83dd9d8d83dd9d8d83d
HUMERUS,68,14066,0.0882,5,5,5,4,,a1a0a03ca1a0a03ca1a0a03c8180803c
HUMERUS,69,13870,0.0869,15,15,15,15,,f1f0703df1f0703df1f0703df1f0703d
HUMERUS,70,13861,0.0869,7,7,7,6,,e1e0e03ce1e0e03ce1e0e03cc1c0c03c
HUMERUS,71,13838,0.0867,6,6,6,5,,c1c0c03cc1c0c03cc1c0c03ca1a0a03c
HUMERUS,72,13641,0.0855,24,24,24,24,*,c1c0c03dc1c0c03dc1c0c03dc1c0c03d
HUMERUS,73,13637,0.0855,10,10,9,9,,a1a0203da1a0203d9190103d9190103d
HUMERUS,74,12909,0.0809,5,5,6,6,,a1a0a03ca1a0a03cc1c0c03cc1c0c03c
HUMERUS,75,12902,0.0809,11,10,10,10,,b1b0303da1a0203da1a0203da1a0203d
HUMERUS,76,12898,0.0808,8,8,9,9,,8180003d8180003d9190103d9190103d
HUMERUS,77,12804,0.0802,9,9,8,8,,9190103d9190103d8180003d8180003d
HUMERUS,78,12740,0.0798,7,7,7,8,,e1e0e03ce1e0e03ce1e0e03c8180003d
HUMERUS,79,12707,0.0796,9,9,10,10,,9190103d9190103da1a0203da1a0203d
HUMERUS,80,12695,0.0796,22,22,22,22,*,b1b0b03db1b0b03db1b0b03db1b0b03d
HUMERUS,81,12622,0.0791,6,6,7,7,,c1c0c03cc1c0c03ce1e0e03ce1e0e03c
HUMERUS,82,12580,0.0788,66,66,66,66,*,8584843e8584843e8584843e8584843e
HUMERUS,83,12321,0.0772,10,10,10,11,,a1a0203da1a0203da1a0203db1b0303d
HUMERUS,84,12318,0.0772,6,6,5,5,,c1c0c03cc1c0c03ca1a0a03ca1a0a03c
HUMERUS,85,12291,0.0770,7,7,8,8,,e1e0e03ce1e0e03c8180003d8180003d
HUMERUS,86,12274,0.0769,8,7,7,7,,8180003de1e0e03ce1e0e03ce1e0e03c
HUMERUS,87,12181,0.0763,19,19,19,19,*,9998983d9998983d9998983d9998983d
HUMERUS,88,12155,0.0762,7,7,6,6,,e1e0e03ce1e0e03cc1c0c03cc1c0c03c
HUMERUS,89,12037,0.0754,253,253,253,253,,fefd7d3ffefd7d3ffefd7d3ffefd7d3f
HUMERUS,90,11993,0.0752,23,23,23,23,*,b9b8b83db9b8b83db9b8b83db9b8b83d
HUMERUS,91,11970,0.0750,6,6,6,7,,c1c0c03cc1c0c03cc1c0c03ce1e0e03c
HUMERUS,92,11961,0.0750,4,4,5,5,,8180803c8180803ca1a0a03ca1a0a03c
HUMERUS,93,11841,0.0742,11,11,11,10,,b1b0303db1b0303db1b0303da1a0203d
HUMERUS,94,11701,0.0733,6,5,5,5,,c1c0c03ca1a0a03ca1a0a03ca1a0a03c
HUMERUS,95,11684,0.0732,5,5,5,6,,a1a0a03ca1a0a03ca1a0a03cc1c0c03c
HUMERUS,96,11547,0.0724,5,5,4,4,,a1a0a03ca1a0a03c8180803c8180803c
HUMERUS,97,11513,0.0722,10,11,11,11,,a1a0203db1b0303db1b0303db1b0303d
HUMERUS,98,11488,0.0720,7,6,6,6,,e1e0e03cc1c0c03cc1c0c03cc1c0c03c
HUMERUS,99,11342,0.0711,8,8,7,7,,8180003d8180003de1e0e03ce1e0e03c
HUMERUS,100,11330,0.0710,18,18,18,18,,9190903d9190903d9190903d9190903d
SHOULDER,1,5599004,5.3270,0,0,0,0,*,00000000000000000000000000000000
SHOULDER,2,1208412,1.1497,1,1,1,1,*,8180803b8180803b8180803b8180803b
SHOULDER,3,716315,0.6815,2,2,2,2,*,8180003c8180003c8180003c8180003c
SHOULDER,4,690544,0.6570,9,9,9,9,*,9190103d9190103d9190103d9190103d
SHOULDER,5,586587,0.5581,8,8,8,8,*,8180003d8180003d8180003d8180003d
SHOULDER,6,555314,0.5283,10,10,10,10,*,a1a0203da1a0203da1a0203da1a0203d
SHOULDER,7,515392,0.4904,205,205,205,205,*,cecd4d3fcecd4d3fcecd4d3fcecd4d3f
SHOULDER,8,470657,0.4478,7,7,7,7,*,e1e0e03ce1e0e03ce1e0e03ce1e0e03c
SHOULDER,9,441330,0.4199,3,3,3,3,*,c1c0403cc1c0403cc1c0403cc1c0403c
SHOULDER,10,378013,0.3596,4,4,4,4,*,8180803c8180803c8180803c8180803c
SHOULDER,11,377066,0.3587,6,6,6,6,*,c1c0c03cc1c0c03cc1c0c03cc1c0c03c
SHOULDER,12,333131,0.3169,5,5,5,5,*,a1a0a03ca1a0a03ca1a0a03ca1a0a03c
SHOULDER,13,273051,0.2598,11,11,11,11,*,b1b0303db1b0303db1b0303db1b0303d
SHOULDER,14,215474,0.2050,16,16,16,16,*,8180803d8180803d8180803d8180803d
SHOULDER,15,197291,0.1877,56,56,56,56,*,e1e0603ee1e0603ee1e0603ee1e0603e
SHOULDER,16,192754,0.1834,58,58,58,58,*,e9e8683ee9e8683ee9e8683ee9e8683e
SHOULDER,17,187861,0.1787,57,57,57,57,*,e5e4643ee5e4643ee5e4643ee5e4643e
SHOULDER,18,187575,0.1785,60,60,60,60,*,f1f0703ef1f0703ef1f0703ef1f0703e
SHOULDER,19,185511,0.1765,59,59,59,59,*,edec6c3eedec6c3eedec6c3eedec6c3e
SHOULDER,20,182194,0.1733,55,55,55,55,*,dddc5c3edddc5c3edddc5c3edddc5c3e
SHOULDER,21,176777,0.1682,61,61,61,61,*,f5f4743ef5f4743ef5f4743ef5f4743e
SHOULDER,22,176609,0.1680,54,54,54,54,*,d9d8583ed9d8583ed9d8583ed9d8583e
SHOULDER,23,174144,0.1657,62,62,62,62,*,f9f8783ef9f8783ef9f8783ef9f8783e
SHOULDER,24,173357,0.1649,63,63,63,63,*,fdfc7c3efdfc7c3efdfc7c3efdfc7c3e
SHOULDER,25,170037,0.1618,64,64,64,64,*,8180803e8180803e8180803e8180803e
SHOULDER,26,168927,0.1607,12,12,12,12,*,c1c0403dc1c0403dc1c0403dc1c0403d
SHOULDER,27,166423,0.1583,53,53,53,53,*,d5d4543ed5d4543ed5d4543ed5d4543e
SHOULDER,28,163699,0.1557,52,52,52,52,*,d1d0503ed1d0503ed1d0503ed1d0503e
SHOULDER,29,159818,0.1521,65,65,65,65,*,8382823e8382823e8382823e8382823e
SHOULDER,30,156732,0.1491,66,66,66,66,*,8584843e8584843e8584843e8584843e
SHOULDER,31,156611,0.1490,50,50,50,50,*,c9c8483ec9c8483ec9c8483ec9c8483e
SHOULDER,32,148791,0.1416,72,72,72,72,,9190903e9190903e9190903e9190903e
SHOULDER,33,148715,0.1415,68,68,68,68,,8988883e8988883e8988883e8988883e
SHOULDER,34,148541,0.1413,67,67,67,67,,8786863e8786863e8786863e8786863e
SHOULDER,35,146498,0.1394,75,75,75,75,,9796963e9796963e9796963e9796963e
SHOULDER,36,146226,0.1391,73,73,73,73,,9392923e9392923e9392923e9392923e
SHOULDER,37,145959,0.1389,74,74,74,74,,9594943e9594943e9594943e9594943e
SHOULDER,38,145630,0.1386,76,76,76,76,,9998983e9998983e9998983e9998983e
SHOULDER,39,144607,0.1376,70,70,70,70,,8d8c8c3e8d8c8c3e8d8c8c3e8d8c8c3e
SHOULDER,40,143795,0.1368,51,51,51,51,*,cdcc4c3ecdcc4c3ecdcc4c3ecdcc4c3e
SHOULDER,41,143390,0.1364,71,71,71,71,,8f8e8e3e8f8e8e3e8f8e8e3e8f8e8e3e
SHOULDER,42,142647,0.1357,69,69,69,69,,8b8a8a3e8b8a8a3e8b8a8a3e8b8a8a3e
SHOULDER,43,138985,0.1322,13,13,13,13,*,d1d0503dd1d0503dd1d0503dd1d0503d
SHOULDER,44,136678,0.1300,49,49,49,49,*,c5c4443ec5c4443ec5c4443ec5c4443e
SHOULDER,45,134587,0.1280,77,77,77,77,,9b9a9a3e9b9a9a3e9b9a9a3e9b9a9a3e
SHOULDER,46,129116,0.1228,78,78,78,78,,9d9c9c3e9d9c9c3e9d9c9c3e9d9c9c3e
SHOULDER,47,121031,0.1152,239,239,239,239,,f0ef6f3ff0ef6f3ff0ef6f3ff0ef6f3f
SHOULDER,48,120192,0.1144,79,79,79,79,,9f9e9e3e9f9e9e3e9f9e9e3e9f9e9e3e
SHOULDER,49,111844,0.1064,80,80,80,80,,a1a0a03ea1a0a03ea1a0a03ea1a0a03e
SHOULDER,50,111461,0.1060,48,48,48,48,*,c1c0403ec1c0403ec1c0403ec1c0403e
SHOULDER,51,111458,0.1060,14,14,14,14,,e1e0603de1e0603de1e0603de1e0603d
SHOULDER,52,103553,0.0985,81,81,81,81,,a3a2a23ea3a2a23ea3a2a23ea3a2a23e
SHOULDER,53,101785,0.0968,15,15,15,15,,f1f0703df1f0703df1f0703df1f0703d
SHOULDER,54,98660,0.0939,47,47,47,47,*,bdbc3c3ebdbc3c3ebdbc3c3ebdbc3c3e
SHOULDER,55,98103,0.0933,82,82,82,82,,a5a4a43ea5a4a43ea5a4a43ea5a4a43e
SHOULDER,56,95885,0.0912,0,0,0,1,,0000000000000000000000008180803b
SHOULDER,57,95244,0.0906,83,83,83,83,,a7a6a63ea7a6a63ea7a6a63ea7a6a63e
SHOULDER,58,94785,0.0902,1,0,0,0,,8180803b000000000000000000000000
SHOULDER,59,93268,0.0887,84,84,84,84,,a9a8a83ea9a8a83ea9a8a83ea9a8a83e
SHOULDER,60,92811,0.0883,85,85,85,85,,abaaaa3eabaaaa3eabaaaa3eabaaaa3e
SHOULDER,61,88420,0.0841,46,46,46,46,*,b9b8383eb9b8383eb9b8383eb9b8383e
SHOULDER,62,88017,0.0837,2,1,1,1,,8180003c8180803b8180803b8180803b
SHOULDER,63,87572,0.0833,1,1,1,2,,8180803b8180803b8180803b8180003c
SHOULDER,64,86634,0.0824,0,0,1,1,,00000000000000008180803b8180803b
SHOULDER,65,86269,0.0821,1,1,2,2,,8180803b8180803b8180003c8180003c
SHOULDER,66,85962,0.0818,1,1,0,0,,8180803b8180803b0000000000000000
SHOULDER,67,85648,0.0815,2,2,1,1,,8180003c8180003c8180803b8180803b
SHOULDER,68,83397,0.0793,86,86,86,86,,adacac3eadacac3eadacac3eadacac3e
SHOULDER,69,83258,0.0792,255,255,255,255,,0000803f0000803f0000803f0000803f
SHOULDER,70,83188,0.0791,1,1,1,0,,8180803b8180803b8180803b00000000
SHOULDER,71,82612,0.0786,0,1,1,1,,000000008180803b8180803b8180803b
SHOULDER,72,82277,0.0783,87,87,87,87,,afaeae3eafaeae3eafaeae3eafaeae3e
SHOULDER,73,79969,0.0761,88,88,88,88,,b1b0b03eb1b0b03eb1b0b03eb1b0b03e
SHOULDER,74,78909,0.0751,2,2,3,3,,8180003c8180003cc1c0403cc1c0403c
SHOULDER,75,78654,0.0748,45,45,45,45,*,b5b4343eb5b4343eb5b4343eb5b4343e
SHOULDER,76,78646,0.0748,3,3,2,2,,c1c0403cc1c0403c8180003c8180003c
SHOULDER,77,75519,0.0719,89,89,89,89,,b3b2b23eb3b2b23eb3b2b23eb3b2b23e
SHOULDER,78,74147,0.0705,2,2,2,3,,8180003c8180003c8180003cc1c0403c
SHOULDER,79,73022,0.0695,3,2,2,2,,c1c0403c8180003c8180003c8180003c
SHOULDER,80,72226,0.0687,44,44,44,44,*,b1b0303eb1b0303eb1b0303eb1b0303e
SHOULDER,81,70153,0.0667,43,43,43,43,*,adac2c3eadac2c3eadac2c3eadac2c3e
SHOULDER,82,68320,0.0650,9,9,9,10,,9190103d9190103d9190103da1a0203d
SHOULDER,83,68108,0.0648,90,90,90,90,,b5b4b43eb5b4b43eb5b4b43eb5b4b43e
SHOULDER,84,68058,0.0648,10,9,9,9,,a1a0203d9190103d9190103d9190103d
SHOULDER,85,67811,0.0645,17,17,17,17,,8988883d8988883d8988883d8988883d
SHOULDER,86,67141,0.0639,8,9,9,9,,8180003d9190103d9190103d9190103d
SHOULDER,87,66927,0.0637,9,9,9,8,,9190103d9190103d9190103d8180003d
SHOULDER,88,66414,0.0632,8,8,8,9,,8180003d8180003d8180003d9190103d
SHOULDER,89,66167,0.0630,9,8,8,8,,9190103d8180003d8180003d8180003d
SHOULDER,90,64463,0.0613,3,3,4,4,,c1c0403cc1c0403c8180803c8180803c
SHOULDER,91,62868,0.0598,91,91,91,91,,b7b6b63eb7b6b63eb7b6b63eb7b6b63e
SHOULDER,92,62672,0.0596,4,4,3,3,,8180803c8180803cc1c0403cc1c0403c
SHOULDER,93,61753,0.0588,9,10,10,10,,9190103da1a0203da1a0203da1a0203d
SHOULDER,94,61698,0.0587,10,10,10,9,,a1a0203da1a0203da1a0203d9190103d
SHOULDER,95,61140,0.0582,8,8,9,9,,8180003d8180003d9190103d9190103d
SHOULDER,96,60383,0.0574,9,9,8,8,,9190103d9190103d8180003d8180003d
SHOULDER,97,60359,0.0574,18,18,18,18,,9190903d9190903d9190903d9190903d
SHOULDER,98,59403,0.0565,1,2,2,2,,8180803b8180003c8180003c8180003c
SHOULDER,99,58252,0.0554,59,59,60,60,,edec6c3eedec6c3ef1f0703ef1f0703e
SHOULDER,100,58125,0.0553,2,2,2,1,,8180003c8180003c8180003c8180803b
WRIST,1,5480437,4.4801,0,0,0,0,*,00000000000000000000000000000000
WRIST,2,2693328,2.2017,4,4,4,4,*,8180803c8180803c8180803c8180803c
WRIST,3,2323165,1.8991,1,1,1,1,*,8180803b8180803b8180803b8180803b
WRIST,4,1619263,1.3237,3,3,3,3,*,c1c0403cc1c0403cc1c0403cc1c0403c
WRIST,5,997508,0.8154,5,5,5,5,*,a1a0a03ca1a0a03ca1a0a03ca1a0a03c
WRIST,6,991009,0.8101,2,2,2,2,*,8180003c8180003c8180003c8180003c
WRIST,7,968832,0.7920,38,38,38,38,*,9998183e9998183e9998183e9998183e
WRIST,8,820882,0.6710,29,29,29,29,*,e9e8e83de9e8e83de9e8e83de9e8e83d
WRIST,9,714345,0.5840,30,30,30,30,*,f1f0f03df1f0f03df1f0f03df1f0f03d
WRIST,10,709151,0.5797,32,32,32,32,*,8180003e8180003e8180003e8180003e
WRIST,11,650772,0.5320,28,28,28,28,*,e1e0e03de1e0e03de1e0e03de1e0e03d
WRIST,12,637589,0.5212,33,33,33,33,*,8584043e8584043e8584043e8584043e
WRIST,13,619376,0.5063,31,31,31,31,*,f9f8f83df9f8f83df9f8f83df9f8f83d
WRIST,14,595229,0.4866,35,35,35,35,*,8d8c0c3e8d8c0c3e8d8c0c3e8d8c0c3e
WRIST,15,587459,0.4802,34,34,34,34,*,8988083e8988083e8988083e8988083e
WRIST,16,542067,0.4431,27,27,27,27,*,d9d8d83dd9d8d83dd9d8d83dd9d8d83d
WRIST,17,449782,0.3677,36,36,36,36,*,9190103e9190103e9190103e9190103e
WRIST,18,406318,0.3322,26,26,26,26,*,d1d0d03dd1d0d03dd1d0d03dd1d0d03d
WRIST,19,382413,0.3126,11,11,11,11,*,b1b0303db1b0303db1b0303db1b0303d
WRIST,20,361529,0.2955,10,10,10,10,*,a1a0203da1a0203da1a0203da1a0203d
WRIST,21,321658,0.2629,37,37,37,37,*,9594143e9594143e9594143e9594143e
WRIST,22,307202,0.2511,25,25,25,25,*,c9c8c83dc9c8c83dc9c8c83dc9c8c83d
WRIST,23,267577,0.2187,39,39,39,39,*,9d9c1c3e9d9c1c3e9d9c1c3e9d9c1c3e
WRIST,24,264370,0.2161,24,24,24,24,*,c1c0c03dc1c0c03dc1c0c03dc1c0c03d
WRIST,25,264164,0.2159,6,6,6,6,*,c1c0c03cc1c0c03cc1c0c03cc1c0c03c
WRIST,26,251449,0.2056,57,57,57,57,*,e5e4643ee5e4643ee5e4643ee5e4643e
WRIST,27,250488,0.2048,9,9,9,9,*,9190103d9190103d9190103d9190103d
WRIST,28,240464,0.1966,3,4,4,4,,c1c0403c8180803c8180803c8180803c
WRIST,29,238434,0.1949,4,4,4,3,,8180803c8180803c8180803cc1c0403c
WRIST,30,220848,0.1805,56,56,56,56,*,e1e0603ee1e0603ee1e0603ee1e0603e
WRIST,31,213830,0.1748,7,7,7,7,*,e1e0e03ce1e0e03ce1e0e03ce1e0e03c
WRIST,32,205104,0.1677,3,3,3,4,,c1c0403cc1c0403cc1c0403c8180803c
WRIST,33,203985,0.1668,23,23,23,23,*,b9b8b83db9b8b83db9b8b83db9b8b83d
WRIST,34,202605,0.1656,4,3,3,3,,8180803cc1c0403cc1c0403cc1c0403c
WRIST,35,189079,0.1546,55,55,55,55,*,dddc5c3edddc5c3edddc5c3edddc5c3e
WRIST,36,188355,0.1540,22,22,22,22,*,b1b0b03db1b0b03db1b0b03db1b0b03d
WRIST,37,186478,0.1524,58,58,58,58,*,e9e8683ee9e8683ee9e8683ee9e8683e
WRIST,38,181071,0.1480,12,12,12,12,*,c1c0403dc1c0403dc1c0403dc1c0403d
WRIST,39,180244,0.1473,8,8,8,8,*,8180003d8180003d8180003d8180003d
WRIST,40,178537,0.1459,4,3,4,4,,8180803cc1c0403c8180803c8180803c
WRIST,41,178213,0.1457,4,4,3,4,,8180803c8180803cc1c0403c8180803c
WRIST,42,177282,0.1449,4,4,4,5,,8180803c8180803c8180803ca1a0a03c
WRIST,43,175261,0.1433,5,4,4,4,,a1a0a03c8180803c8180803c8180803c
WRIST,44,174471,0.1426,21,21,21,21,*,a9a8a83da9a8a83da9a8a83da9a8a83d
WRIST,45,159200,0.1301,54,54,54,54,*,d9d8583ed9d8583ed9d8583ed9d8583e
WRIST,46,158140,0.1293,3,3,4,4,,c1c0403cc1c0403c8180803c8180803c
WRIST,47,156757,0.1281,4,4,3,3,,8180803c8180803cc1c0403cc1c0403c
WRIST,48,150193,0.1228,3,3,4,3,,c1c0403cc1c0403c8180803cc1c0403c
WRIST,49,148786,0.1216,3,4,3,3,,c1c0403c8180803cc1c0403cc1c0403c
WRIST,50,148490,0.1214,20,20,20,20,*,a1a0a03da1a0a03da1a0a03da1a0a03d
WRIST,51,141348,0.1155,40,40,40,40,*,a1a0203ea1a0203ea1a0203ea1a0203e
WRIST,52,141073,0.1153,53,53,53,53,*,d5d4543ed5d4543ed5d4543ed5d4543e
WRIST,53,139156,0.1138,59,59,59,59,*,edec6c3eedec6c3eedec6c3eedec6c3e
WRIST,54,136667,0.1117,0,1,1,1,,000000008180803b8180803b8180803b
WRIST,55,136265,0.1114,1,1,1,0,,8180803b8180803b8180803b00000000
WRIST,56,131380,0.1074,4,5,5,5,,8180803ca1a0a03ca1a0a03ca1a0a03c
WRIST,57,130368,0.1066,52,52,52,52,*,d1d0503ed1d0503ed1d0503ed1d0503e
WRIST,58,129953,0.1062,5,5,5,4,,a1a0a03ca1a0a03ca1a0a03c8180803c
WRIST,59,129825,0.1061,4,4,5,4,,8180803c8180803ca1a0a03c8180803c
WRIST,60,129351,0.1057,19,19,19,19,*,9998983d9998983d9998983d9998983d
WRIST,61,128852,0.1053,4,5,4,4,,8180803ca1a0a03c8180803c8180803c
WRIST,62,126332,0.1033,60,60,60,60,*,f1f0703ef1f0703ef1f0703ef1f0703e
WRIST,63,118296,0.0967,51,51,51,51,*,cdcc4c3ecdcc4c3ecdcc4c3ecdcc4c3e
WRIST,64,116540,0.0953,50,50,50,50,*,c9c8483ec9c8483ec9c8483ec9c8483e
WRIST,65,114839,0.0939,49,49,49,49,*,c5c4443ec5c4443ec5c4443ec5c4443e
WRIST,66,114059,0.0932,13,13,13,13,*,d1d0503dd1d0503dd1d0503dd1d0503d
WRIST,67,112185,0.0917,18,18,18,18,,9190903d9190903d9190903d9190903d
WRIST,68,111799,0.0914,61,61,61,61,*,f5f4743ef5f4743ef5f4743ef5f4743e
WRIST,69,110172,0.0901,15,15,15,15,,f1f0703df1f0703df1f0703df1f0703d
WRIST,70,109693,0.0897,42,42,42,42,*,a9a8283ea9a8283ea9a8283ea9a8283e
WRIST,71,109195,0.0893,17,17,17,17,,8988883d8988883d8988883d8988883d
WRIST,72,108789,0.0889,217,217,217,217,,dad9593fdad9593fdad9593fdad9593f
WRIST,73,107898,0.0882,47,47,47,47,*,bdbc3c3ebdbc3c3ebdbc3c3ebdbc3c3e
WRIST,74,107259,0.0877,4,4,5,5,,8180803c8180803ca1a0a03ca1a0a03c
WRIST,75,107238,0.0877,48,48,48,48,*,c1c0403ec1c0403ec1c0403ec1c0403e
WRIST,76,106917,0.0874,46,46,46,46,*,b9b8383eb9b8383eb9b8383eb9b8383e
WRIST,77,106822,0.0873,14,14,14,14,,e1e0603de1e0603de1e0603de1e0603d
WRIST,78,106171,0.0868,44,44,44,44,*,b1b0303eb1b0303eb1b0303eb1b0303e
WRIST,79,106012,0.0867,5,5,4,4,,a1a0a03ca1a0a03c8180803c8180803c
WRIST,80,105843,0.0865,62,62,62,62,*,f9f8783ef9f8783ef9f8783ef9f8783e
WRIST,81,104342,0.0853,41,41,41,41,*,a5a4243ea5a4243ea5a4243ea5a4243e
WRIST,82,104266,0.0852,16,16,16,16,*,8180803d8180803d8180803d8180803d
WRIST,83,102758,0.0840,3,4,4,3,,c1c0403c8180803c8180803cc1c0403c
WRIST,84,101998,0.0834,43,43,43,43,*,adac2c3eadac2c3eadac2c3eadac2c3e
WRIST,85,101979,0.0834,4,3,3,4,,8180803cc1c0403cc1c0403c8180803c
WRIST,86,101807,0.0832,28,29,29,29,,e1e0e03de9e8e83de9e8e83de9e8e83d
WRIST,87,101357,0.0829,29,29,29,28,,e9e8e83de9e8e83de9e8e83de1e0e03d
WRIST,88,97724,0.0799,63,63,63,63,*,fdfc7c3efdfc7c3efdfc7c3efdfc7c3e
WRIST,89,96698,0.0790,29,30,30,30,,e9e8e83df1f0f03df1f0f03df1f0f03d
WRIST,90,96578,0.0789,30,30,30,29,,f1f0f03df1f0f03df1f0f03de9e8e83d
WRIST,91,95519,0.0781,45,45,45,45,*,b5b4343eb5b4343eb5b4343eb5b4343e
WRIST,92,94746,0.0775,5,5,4,5,,a1a0a03ca1a0a03c8180803ca1a0a03c
WRIST,93,94525,0.0773,5,4,5,5,,a1a0a03c8180803ca1a0a03ca1a0a03c
WRIST,94,90315,0.0738,64,64,64,64,*,8180803e8180803e8180803e8180803e
WRIST,95,90060,0.0736,29,29,29,30,,e9e8e83de9e8e83de9e8e83df1f0f03d
WRIST,96,89330,0.0730,30,29,29,29,,f1f0f03de9e8e83de9e8e83de9e8e83d
WRIST,97,89054,0.0728,1,1,0,1,,8180803b8180803b000000008180803b
WRIST,98,88299,0.0722,1,0,1,1,,8180803b000000008180803b8180803b
WRIST,99,86704,0.0709,31,31,31,30,,f9f8f83df9f8f83df9f8f83df1f0f03d
WRIST,100,84598,0.0692,30,31,31,31,,f1f0f03df9f8f83df9f8f83df9f8f83d
